Workbook

Sheet Read me
A1: CALIBRE BY DAFTAR · INTERNAL
A2: Engagement time log
A3: Internal. Never sent to a client. One copy per engagement.
B5: What this is
B6: The budget is the scope design. Log all-in founder hours against it, including selling and admin, and test the fee against the founder-hour hurdle. A Verdict that does not clear the hurdle at actual is a scope problem to fix before the next sale, not a rounding error.
B7: How to use it
B8: 1. Assumptions: confirm the fee and the hurdle. Set a management hour cap only once the founder has decided one.
B9: 2. 01 Time log: enter actual hours as each step closes. Shaded cells are inputs; everything else is a formula.
B10: 3. Write a note against every step that overruns, naming the cause.
B11: 4. 02 Register: when the engagement closes, copy its fee and all-in actual hours into the register.
B12: Scope
B13: The fee covers four finalists. A fifth or sixth finalist, a second role or a rubric change after lock is quoted as a written variation; log that time on the variation's own copy of this file, not here.
B14: The budgets are carried from the earlier panel-calibration time log. The live readout had no budget there, so it is budgeted at zero here: log its actual hours.
B15: Use statement
B16: Structured hiring advisory for finance roles. Not a psychometric assessment. Does not predict performance. The decision, and its consequences, rest with the employer.

Sheet Assumptions
A1: CALIBRE BY DAFTAR · INTERNAL
A2: Assumptions
A3: The hurdle is the all-in opportunity cost of one founder hour. Shaded cells are inputs.
B5: Input | C5: Value | D5: Basis
B6: Founder hour hurdle (USD) | C6: 350 | D6: All-in opportunity cost per founder hour (D/01 benchmark).
B7: Calibre Verdict fee (USD) | C7: 7000 | D7: Rate card, founder decision 5 Oct 2026. Rationale in product/PRICING.md.
B8: Management hour cap (all-in) | C8: 16 | D8: Not set. A founder decision; leave blank until made.
B10: Derived
B11: Measure | C11: Value | D11: Formula
B12: Hours available at the hurdle | C12: =IF(OR(N(C6)=0,N(C7)=0),"",C7/C6) -> 20 | D12: Fee divided by the hurdle.
B13: Headroom, ceiling less cap | C13: =IF(OR(C8="",C12=""),"",C12-C8) -> 4 | D13: Blank until a cap is set. Negative means the cap is above the hurdle ceiling.
B14: Budgeted all-in hours | C14: ='01 Time log'!C33 -> 15.75 | D14: From sheet 01.
B15: Headroom at budget | C15: =IF(C12="","",C12-C14) -> 4.25 | D15: Hours left before the hurdle is breached. Negative means the budget already fails it.

Sheet 01 Time log
A1: CALIBRE BY DAFTAR · INTERNAL
A2: Calibre Verdict time log
A3: Budget is the scope design. Log actuals as each step closes. Shaded cells are inputs.
B4: Engagement reference
B5: Role
B6: Criteria locked on
B8: Step | C8: Budget hrs | D8: Actual hrs | E8: Variance | F8: Note
B9: DELIVERY
B10: Read · intake call and preparation | C10: 1.5 | D10: 1.5 | E10: =IF(D10="","",D10-C10) -> 0
B11: Read · rubric drafting and criteria lock | C11: 1 | D11: 1 | E11: =IF(D11="","",D11-C11) -> 0
B12: Read · structured interview guide | C12: 1.5 | D12: 1.5 | E12: =IF(D12="","",D12-C12) -> 0
B13: Read · evidence review, K1 | C13: 0.75 | D13: 0.75 | E13: =IF(D13="","",D13-C13) -> 0
B14: Read · evidence review, K2 | C14: 0.75 | D14: 0.75 | E14: =IF(D14="","",D14-C14) -> 0
B15: Read · evidence review, K3 | C15: 0.75 | D15: 0.75 | E15: =IF(D15="","",D15-C15) -> 0
B16: Read · evidence review, K4 | C16: 0.75 | D16: 0.75 | E16: =IF(D16="","",D16-C16) -> 0
B17: Score · panel score and evidence-note review | C17: 1.5 | D17: 1.5 | E17: =IF(D17="","",D17-C17) -> 0
B18: Compare · divergence review | C18: 1.5 | D18: 1.5 | E18: =IF(D18="","",D18-C18) -> 0
B19: Calibrate · session preparation | C19: 1 | D19: 1 | E19: =IF(D19="","",D19-C19) -> 0
B20: Calibrate · session (75 minutes) | C20: 1.25 | D20: 1.25 | E20: =IF(D20="","",D20-C20) -> 0
B21: Calibrate · calibrated results | C21: 1 | D21: 1 | E21: =IF(D21="","",D21-C21) -> 0
B22: Verdict · memo drafting | C22: 2 | D22: 2 | E22: =IF(D22="","",D22-C22) -> 0
B23: Verdict · live readout | C23: 0 | D23: 1 | E23: =IF(D23="","",D23-C23) -> 1 | F23: Not budgeted in the earlier log. Log the actual.
B24: Outcomes · 90, 180 and 365-day follow-up | C24: 0.5 | D24: 0.5 | E24: =IF(D24="","",D24-C24) -> 0
B25: Delivery subtotal | C25: =SUM(C10:C24) -> 15.75 | D25: =IF(COUNT(D10:D24)=0,"",SUM(D10:D24)) -> 16.75 | E25: =IF(D25="","",D25-C25) -> 1
B27: SELLING AND ADMIN · UNBILLED
B28: Budgeted at zero. Log the actuals: the hurdle is tested all-in, not on delivery alone.
B29: Prospecting and warm outreach attributable to this engagement | C29: 0 | D29: 1 | E29: =IF(D29="","",D29-C29) -> 1
B30: Proposal, rate card and scoping call | C30: 0 | D30: 0.5 | E30: =IF(D30="","",D30-C30) -> 0.5
B31: Engagement letter and admin | C31: 0 | D31: 0.5 | E31: =IF(D31="","",D31-C31) -> 0.5
B32: Invoicing and collection | C32: 0 | D32: 0.25 | E32: =IF(D32="","",D32-C32) -> 0.25
B33: ALL-IN TOTAL | C33: =C25+SUM(C29:C32) -> 15.75 | D33: =IF(COUNT(D10:D24,D29:D32)=0,"",SUM(D10:D24,D29:D32)) -> 19 | E33: =IF(D33="","",D33-C33) -> 3.25
B35: Economics
B36: Measure | C36: At budget | D36: At actual | F36: Test
B37: All-in founder hours | C37: =C33 -> 15.75 | D37: =D33 -> 19
B38: Effective rate per hour (USD) | C38: =IF(N(C37)=0,"",Assumptions!$C$7/C37) -> 444.44444 | D38: =IF(N(D37)=0,"",Assumptions!$C$7/D37) -> 368.42105 | F38: Must reach the hurdle on Assumptions.
B39: Hours available at the hurdle | C39: =Assumptions!$C$12 -> 20 | D39: =IF(D37="","",Assumptions!$C$12) -> 20 | F39: Fee divided by the hurdle.
B40: Headroom to the hurdle (hours) | C40: =IF(C39="","",C39-C37) -> 4.25 | D40: =IF(OR(D37="",D39=""),"",D39-D37) -> 1 | F40: Negative means the hours exceed what the fee pays for.
B41: Hours against management cap | C41: =IF(Assumptions!$C$8="","",C37-Assumptions!$C$8) -> -0.25 | D41: =IF(OR(Assumptions!$C$8="",D37=""),"",D37-Assumptions!$C$8) -> 3 | F41: Blank until a cap is set. Negative is under the cap.
B42: Clears the hurdle? | C42: =IF(C38="","",IF(C38>=Assumptions!$C$6,"Yes","No")) -> Yes | D42: =IF(D38="","",IF(D38>=Assumptions!$C$6,"Yes","No")) -> Yes | F42: If No, tighten scope or reprice before the next sale.

Sheet 02 Register
A1: CALIBRE BY DAFTAR · INTERNAL
A2: Dry run and engagement register
A3: One row per dry run or paid engagement. After three paid Verdicts, review the fee and the budget against these actuals.
B5: Date | C5: Engagement ref | D5: Role | E5: Fee (USD) | F5: All-in hrs | G5: Rate / hr | H5: Clears hurdle | I5: What overran, and the scope change made
E6: 6000 | F6: 19 | G6: =IF(OR(E6="",N(F6)=0),"",E6/F6) -> 315.78947 | H6: =IF(G6="","",IF(G6>=Assumptions!$C$6,"Yes","No")) -> No
E7: 7000 | F7: 18 | G7: =IF(OR(E7="",N(F7)=0),"",E7/F7) -> 388.88889 | H7: =IF(G7="","",IF(G7>=Assumptions!$C$6,"Yes","No")) -> Yes
G8: =IF(OR(E8="",N(F8)=0),"",E8/F8) | H8: =IF(G8="","",IF(G8>=Assumptions!$C$6,"Yes","No"))
G9: =IF(OR(E9="",N(F9)=0),"",E9/F9) | H9: =IF(G9="","",IF(G9>=Assumptions!$C$6,"Yes","No"))
G10: =IF(OR(E10="",N(F10)=0),"",E10/F10) | H10: =IF(G10="","",IF(G10>=Assumptions!$C$6,"Yes","No"))
G11: =IF(OR(E11="",N(F11)=0),"",E11/F11) | H11: =IF(G11="","",IF(G11>=Assumptions!$C$6,"Yes","No"))
G12: =IF(OR(E12="",N(F12)=0),"",E12/F12) | H12: =IF(G12="","",IF(G12>=Assumptions!$C$6,"Yes","No"))
G13: =IF(OR(E13="",N(F13)=0),"",E13/F13) | H13: =IF(G13="","",IF(G13>=Assumptions!$C$6,"Yes","No"))
G14: =IF(OR(E14="",N(F14)=0),"",E14/F14) | H14: =IF(G14="","",IF(G14>=Assumptions!$C$6,"Yes","No"))
G15: =IF(OR(E15="",N(F15)=0),"",E15/F15) | H15: =IF(G15="","",IF(G15>=Assumptions!$C$6,"Yes","No"))
G16: =IF(OR(E16="",N(F16)=0),"",E16/F16) | H16: =IF(G16="","",IF(G16>=Assumptions!$C$6,"Yes","No"))
G17: =IF(OR(E17="",N(F17)=0),"",E17/F17) | H17: =IF(G17="","",IF(G17>=Assumptions!$C$6,"Yes","No"))
G18: =IF(OR(E18="",N(F18)=0),"",E18/F18) | H18: =IF(G18="","",IF(G18>=Assumptions!$C$6,"Yes","No"))
G19: =IF(OR(E19="",N(F19)=0),"",E19/F19) | H19: =IF(G19="","",IF(G19>=Assumptions!$C$6,"Yes","No"))
G20: =IF(OR(E20="",N(F20)=0),"",E20/F20) | H20: =IF(G20="","",IF(G20>=Assumptions!$C$6,"Yes","No"))
B22: Paid to date | E22: =IF(COUNT(E6:E20)=0,"",SUM(E6:E20)) -> 13000 | F22: =IF(COUNT(F6:F20)=0,"",SUM(F6:F20)) -> 37 | G22: =IF(OR(E22="",N(F22)=0),"",E22/F22) -> 351.35135 | H22: =IF(G22="","",IF(G22>=Assumptions!$C$6,"Yes","No")) -> Yes | I22: Blended rate across every logged engagement.
